start,host,team,toss,choice,inn1,inn2,inn3,inn4,result,ground
27/11/1970,Australia,Australia,Australia,Bat,433,464,214,39,draw,Brisbane
11/12/1970,Australia,England,Australia,Field,397,440,287,100,draw,Perth
09/01/1971,Australia,England,England,Bat,332,236,319,116,England,Sydney
21/01/1971,Australia,Australia,Australia,Bat,493,392,169,161,draw,Melbourne
29/01/1971,Australia,England,England,Bat,470,235,233,328,draw,Adelaide
12/02/1971,Australia,England,Australia,Field,184,264,302,160,England,Sydney
08/06/1972,England,England,England,Bat,249,142,234,252,England,Old Trafford
22/06/1972,England,England,England,Bat,272,308,116,81,Australia,Lord's
13/07/1972,England,Australia,England,Field,315,189,324,290,draw,Trent Bridge
27/07/1972,England,Australia,Australia,Bat,146,263,136,21,England,Headingley
10/08/1972,England,England,England,Bat,284,399,356,242,Australia,The Oval
29/11/1974,Australia,Australia,Australia,Bat,309,265,288,166,Australia,Brisbane
13/12/1974,Australia,England,Australia,Field,208,481,293,23,Australia,Perth
26/12/1974,Australia,England,Australia,Field,242,241,244,238,draw,Melbourne
04/01/1975,Australia,Australia,Australia,Bat,405,295,289,228,Australia,Sydney
25/01/1975,Australia,Australia,England,Field,304,172,272,241,Australia,Adelaide
08/02/1975,Australia,Australia,Australia,Bat,152,529,373,0,England,Melbourne
10/07/1975,England,Australia,England,Field,359,101,173,0,Australia,Edgbaston
31/07/1975,England,England,England,Bat,315,268,436,329,draw,Lord's
14/08/1975,England,England,England,Bat,288,135,291,220,draw,Headingley
28/08/1975,England,Australia,Australia,Bat,532,191,538,40,draw,The Oval
12/03/1977,Australia,Australia,England,Field,138,95,419,417,Australia,Melbourne
16/06/1977,England,England,England,Bat,216,296,305,114,draw,Lord's
07/07/1977,England,Australia,Australia,Bat,297,437,218,82,England,Old Trafford
28/07/1977,England,Australia,Australia,Bat,243,364,309,189,England,Trent Bridge
11/08/1977,England,England,England,Bat,436,103,248,0,England,Headingley
25/08/1977,England,England,Australia,Field,214,385,57,0,draw,The Oval
01/12/1978,Australia,Australia,Australia,Bat,116,286,339,170,England,Brisbane
15/12/1978,Australia,England,Australia,Field,309,190,208,161,England,Perth
29/12/1978,Australia,Australia,Australia,Bat,258,143,167,179,Australia,Melbourne
06/01/1979,Australia,England,England,Bat,152,294,346,111,England,Sydney
27/01/1979,Australia,England,Australia,Field,169,164,360,160,England,Adelaide
10/02/1979,Australia,Australia,Australia,Bat,198,308,143,35,England,Sydney
14/12/1979,Australia,Australia,England,Field,244,228,337,215,Australia,Perth
04/01/1980,Australia,England,Australia,Field,123,145,237,219,Australia,Sydney
01/02/1980,Australia,England,England,Bat,306,477,273,103,Australia,Melbourne
28/08/1980,England,Australia,Australia,Bat,385,205,189,344,draw,Lord's
18/06/1981,England,England,Australia,Field,185,179,125,132,Australia,Trent Bridge
02/07/1981,England,England,Australia,Field,311,345,265,90,draw,Lord's
16/07/1981,England,Australia,Australia,Bat,401,174,356,111,England,Headingley
30/07/1981,England,England,England,Bat,189,258,219,121,England,Edgbaston
13/08/1981,England,England,England,Bat,231,130,404,402,England,Old Trafford
27/08/1981,England,Australia,England,Field,352,314,344,261,draw,The Oval
12/11/1982,Australia,England,Australia,Field,411,424,358,73,draw,Perth
26/11/1982,Australia,England,Australia,Field,219,341,309,190,Australia,Brisbane
10/12/1982,Australia,Australia,England,Field,438,216,304,83,Australia,Adelaide
26/12/1982,Australia,England,Australia,Field,284,287,294,288,England,Melbourne
02/01/1983,Australia,Australia,Australia,Bat,314,237,382,314,draw,Sydney
13/06/1985,England,Australia,Australia,Bat,331,533,324,123,England,Headingley
27/06/1985,England,England,Australia,Field,290,425,261,127,Australia,Lord's
11/07/1985,England,England,England,Bat,456,539,196,0,draw,Trent Bridge
01/08/1985,England,Australia,England,Field,257,482,340,0,draw,Old Trafford
15/08/1985,England,Australia,England,Field,335,595,142,0,England,Edgbaston
29/08/1985,England,England,England,Bat,464,241,129,0,England,The Oval
14/11/1986,Australia,England,Australia,Field,456,248,282,77,England,Brisbane
28/11/1986,Australia,England,England,Bat,592,401,199,197,draw,Perth
12/12/1986,Australia,Australia,Australia,Bat,514,455,201,39,draw,Adelaide
26/12/1986,Australia,Australia,England,Field,141,349,194,0,England,Melbourne
10/01/1987,Australia,Australia,Australia,Bat,343,275,251,264,Australia,Sydney
29/01/1988,Australia,England,England,Bat,425,214,328,0,draw,Sydney
08/06/1989,England,Australia,England,Field,601,430,230,191,Australia,Headingley
22/06/1989,England,England,England,Bat,286,528,359,119,Australia,Lord's
06/07/1989,England,Australia,Australia,Bat,424,242,158,0,draw,Edgbaston
27/07/1989,England,England,England,Bat,260,447,264,81,Australia,Old Trafford
10/08/1989,England,Australia,Australia,Bat,602,255,167,468,Australia,Trent Bridge
24/08/1989,England,Australia,Australia,Bat,468,285,219,143,draw,The Oval
23/11/1990,Australia,England,Australia,Field,194,152,114,157,Australia,Brisbane
26/12/1990,Australia,England,England,Bat,352,306,150,197,Australia,Melbourne
04/01/1991,Australia,Australia,Australia,Bat,518,469,205,113,draw,Sydney
25/01/1991,Australia,Australia,Australia,Bat,386,229,314,335,draw,Adelaide
01/02/1991,Australia,England,England,Bat,244,307,182,120,Australia,Perth
03/06/1993,England,Australia,England,Field,289,210,432,332,Australia,Old Trafford
17/06/1993,England,Australia,Australia,Bat,632,205,365,0,Australia,Lord's
01/07/1993,England,England,England,Bat,321,373,422,202,draw,Trent Bridge
22/07/1993,England,Australia,Australia,Bat,653,200,305,0,Australia,Headingley
05/08/1993,England,England,England,Bat,276,408,251,120,Australia,Edgbaston
19/08/1993,England,England,England,Bat,380,303,313,229,England,The Oval
25/11/1994,Australia,Australia,Australia,Bat,426,167,248,323,Australia,Brisbane
24/12/1994,Australia,Australia,England,Field,279,212,320,92,Australia,Melbourne
01/01/1995,Australia,England,England,Bat,309,116,255,344,draw,Sydney
26/01/1995,Australia,England,England,Bat,353,419,328,156,England,Adelaide
03/02/1995,Australia,Australia,Australia,Bat,402,295,345,123,Australia,Perth
05/06/1997,England,Australia,Australia,Bat,118,478,477,119,England,Edgbaston
19/06/1997,England,England,Australia,Field,77,213,266,0,draw,Lord's
03/07/1997,England,Australia,Australia,Bat,235,162,395,200,Australia,Old Trafford
24/07/1997,England,England,Australia,Field,172,501,268,0,Australia,Headingley
07/08/1997,England,Australia,Australia,Bat,427,313,336,186,Australia,Trent Bridge
21/08/1997,England,England,England,Bat,180,220,163,104,England,The Oval
20/11/1998,Australia,Australia,Australia,Bat,485,375,237,179,draw,Brisbane
28/11/1998,Australia,England,Australia,Field,112,240,191,64,Australia,Perth
11/12/1998,Australia,Australia,Australia,Bat,391,227,278,237,Australia,Adelaide
26/12/1998,Australia,England,Australia,Field,270,340,244,162,England,Melbourne
02/01/1999,Australia,Australia,Australia,Bat,322,220,184,188,Australia,Sydney
05/07/2001,England,England,Australia,Field,294,576,164,0,Australia,Edgbaston
19/07/2001,England,England,Australia,Field,187,401,227,14,Australia,Lord's
02/08/2001,England,England,England,Bat,185,190,162,158,Australia,Trent Bridge
16/08/2001,England,Australia,Australia,Bat,447,309,176,315,England,Headingley
23/08/2001,England,Australia,Australia,Bat,641,432,184,0,Australia,The Oval
07/11/2002,Australia,Australia,England,Field,492,325,296,79,Australia,Brisbane
21/11/2002,Australia,England,England,Bat,342,552,159,0,Australia,Adelaide
29/11/2002,Australia,England,England,Bat,185,456,223,0,Australia,Perth
26/12/2002,Australia,Australia,Australia,Bat,551,270,387,107,Australia,Melbourne
02/01/2003,Australia,England,England,Bat,362,363,452,226,England,Sydney
21/07/2005,England,Australia,Australia,Bat,190,155,384,180,Australia,Lord's
04/08/2005,England,England,Australia,Field,407,308,182,279,England,Edgbaston
11/08/2005,England,England,England,Bat,444,302,280,371,draw,Old Trafford
25/08/2005,England,England,England,Bat,477,218,387,129,England,Trent Bridge
08/09/2005,England,England,England,Bat,373,367,335,4,draw,The Oval
23/11/2006,Australia,Australia,Australia,Bat,602,157,202,370,Australia,Brisbane
01/12/2006,Australia,England,England,Bat,551,513,129,168,Australia,Adelaide
14/12/2006,Australia,Australia,Australia,Bat,244,215,527,350,Australia,Perth
26/12/2006,Australia,England,England,Bat,159,419,161,0,Australia,Melbourne
02/01/2007,Australia,England,England,Bat,291,393,147,46,Australia,Sydney
08/07/2009,England,England,England,Bat,435,674,252,0,draw,Cardiff
16/07/2009,England,England,England,Bat,425,215,311,406,England,Lord's
30/07/2009,England,Australia,Australia,Bat,263,376,375,0,draw,Edgbaston
07/08/2009,England,England,England,Bat,102,445,263,0,Australia,Headingley
20/08/2009,England,England,England,Bat,332,160,373,348,England,The Oval
25/11/2010,Australia,England,England,Bat,260,481,517,107,draw,Brisbane
03/12/2010,Australia,Australia,Australia,Bat,245,620,304,0,England,Adelaide
16/12/2010,Australia,Australia,England,Field,268,187,309,123,Australia,Perth
26/12/2010,Australia,Australia,England,Field,98,513,258,0,England,Melbourne
03/01/2011,Australia,Australia,Australia,Bat,280,644,281,0,England,Sydney
10/07/2013,England,England,England,Bat,215,280,375,296,England,Trent Bridge
18/07/2013,England,England,England,Bat,361,128,349,235,England,Lord's
01/08/2013,England,Australia,Australia,Bat,527,368,172,37,draw,Old Trafford
09/08/2013,England,England,England,Bat,238,270,330,224,England,Chester-le-Street
21/08/2013,England,Australia,Australia,Bat,492,377,111,206,draw,The Oval
21/11/2013,Australia,Australia,Australia,Bat,295,136,401,179,Australia,Brisbane
05/12/2013,Australia,Australia,Australia,Bat,570,172,132,312,Australia,Adelaide
13/12/2013,Australia,Australia,Australia,Bat,385,251,369,353,Australia,Perth
26/12/2013,Australia,England,Australia,Field,255,204,179,231,Australia,Melbourne
03/01/2014,Australia,Australia,England,Field,326,155,276,166,Australia,Sydney
08/07/2015,England,England,England,Bat,430,308,289,242,England,Cardiff
16/07/2015,England,Australia,Australia,Bat,566,312,254,103,Australia,Lord's
29/07/2015,England,Australia,Australia,Bat,136,281,265,124,England,Edgbaston
06/08/2015,England,Australia,England,Field,60,391,253,0,England,Trent Bridge
20/08/2015,England,Australia,England,Field,481,149,286,0,Australia,The Oval
23/11/2017,Australia,England,England,Bat,302,328,195,173,Australia,Brisbane
02/12/2017,Australia,Australia,England,Field,442,227,138,233,Australia,Adelaide
14/12/2017,Australia,England,England,Bat,403,662,218,0,Australia,Perth
26/12/2017,Australia,Australia,Australia,Bat,327,491,263,0,draw,Melbourne
04/01/2018,Australia,England,England,Bat,346,649,180,0,Australia,Sydney
01/08/2019,England,Australia,Australia,Bat,284,374,487,146,Australia,Edgbaston
14/08/2019,England,England,Australia,Field,258,250,258,154,draw,Lord's
22/08/2019,England,Australia,England,Field,179,67,246,362,England,Headingley
04/09/2019,England,Australia,Australia,Bat,497,301,186,197,Australia,Old Trafford
12/09/2019,England,England,Australia,Field,294,225,329,263,England,The Oval
08/12/2021,Australia,England,England,Bat,147,425,297,20,Australia,Brisbane
16/12/2021,Australia,Australia,Australia,Bat,473,236,230,192,Australia,Adelaide
26/12/2021,Australia,England,Australia,Field,185,267,68,0,Australia,Melbourne
05/01/2022,Australia,Australia,Australia,Bat,416,294,265,270,draw,Sydney
14/01/2022,Australia,Australia,England,Field,303,188,155,124,Australia,Hobart
